opportunity_name,opportunity_id,Account Executive,premium_amount,revenue_amount,closing_date,stage,branch,specialty,product_group,product_sub_group,risk_details,Unnamed: 12,Unnamed: 13,Unnamed: 14,Unnamed: 15,Unnamed: 16,Unnamed: 17,Unnamed: 18,Unnamed: 19,Unnamed: 20,Unnamed: 21,Unnamed: 22,Unnamed: 23,Unnamed: 24,Unnamed: 25
EL-Group Mediclaim,OPP1900001042,Animesh Rawat,8000000.0,400000.0,2019-11-13,Qualify Opportunity,Ahmedabad,Employee Benefits (EB),Employee Benefits,Mediclaim,Group Medical,,,,,,,,,,,,,,
AL GPA,OPP1900001047,Shivani Sharma,200000.0,30000.0,2020-03-31,Qualify Opportunity,Ahmedabad,Employee Benefits (EB),Employee Benefits,Mediclaim,Group Personal Accident,,,,,,,,,,,,,,
BL - Marine STOP,OPP1900001048,Shivani Sharma,0.0,100000.0,2020-06-30,Qualify Opportunity,Ahmedabad,Marine,Marine,Marine Hull,Charterers' Liability Policy,,,,,,,,,,,,,,
II-Marine,OPP1900001050,Shivani Sharma,0.0,100000.0,2020-03-31,Qualify Opportunity,Ahmedabad,Marine,Marine,Marine Hull,Charterers' Liability Policy,,,,,,,,,,,,,,
PIL-Credit Insurance,OPP1900001051,Shivani Sharma,1200000.0,100000.0,2020-03-31,Qualify Opportunity,Ahmedabad,Trade Credit &amp; Political Risk,Miscellaneous,Miscellaneous,Trade Credit Insurance,,,,,,,,,,,,,,
PIL-CGL,OPP1900001052,Shivani Sharma,0.0,100000.0,2020-05-31,Qualify Opportunity,Ahmedabad,Liability,Liability,Financial Lines,Commercial General Liability,,,,,,,,,,,,,,
PIL -Marine,OPP1900001053,Shivani Sharma,0.0,100000.0,2020-05-31,Qualify Opportunity,Ahmedabad,Marine,Marine,Marine Hull,Charterers' Liability Policy,,,,,,,,,,,,,,
SGL- GMC,OPP1900001054,Shivani Sharma,0.0,125000.0,2020-06-30,Qualify Opportunity,Ahmedabad,Employee Benefits (EB),Employee Benefits,Mediclaim,Group Medical,,,,,,,,,,,,,,
Sandesh - Marine,OPP1900001055,Shivani Sharma,0.0,100000.0,2020-03-31,Qualify Opportunity,Ahmedabad,Marine,Marine,Marine Hull,Charterers' Liability Policy,,,,,,,,,,,,,,
VS.-Marine,OPP1900001056,Shivani Sharma,0.0,200000.0,2020-03-31,Qualify Opportunity,Ahmedabad,Marine,Marine,Marine Hull,Charterers' Liability Policy,,,,,,,,,,,,,,
II -  GMC,OPP1900001057,Shivani Sharma,0.0,75000.0,2020-03-31,Qualify Opportunity,Ahmedabad,Employee Benefits (EB),Employee Benefits,Mediclaim,Group Medical,,,,,,,,,,,,,,
II - GPA,OPP1900001058,Shivani Sharma,0.0,25000.0,2020-03-31,Qualify Opportunity,Ahmedabad,Employee Benefits (EB),Employee Benefits,Mediclaim,Group Personal Accident,,,,,,,,,,,,,,
G R -GMC,OPP1900001072,Shivani Sharma,2000000.0,150000.0,2020-05-31,Qualify Opportunity,Ahmedabad,Employee Benefits (EB),Employee Benefits,Mediclaim,Group Medical,,,,,,,,,,,,,,
DB- Cyber Liability,OPP1900001138,Shivani Sharma,500000.0,75000.0,2020-05-31,Qualify Opportunity,Ahmedabad,Liability,Liability,Financial Lines,Cyber Liability Insurance,,,,,,,,,,,,,,
KB GMC,OPP1900001222,Animesh Rawat,2500000.0,125000.0,2019-12-01,Qualify Opportunity,Ahmedabad,Employee Benefits (EB),Employee Benefits,Mediclaim,Group Medical,,,,,,,,,,,,,,
EI- GMC,OPP1900001364,Mark,1400000.0,100000.0,2019-12-09,Qualify Opportunity,Ahmedabad,Employee Benefits (EB),Employee Benefits,Mediclaim,Group Medical,,,,,,,,,,,,,,
CVP GMC,OPP1900001365,Mark,4500000.0,350000.0,2019-12-11,Qualify Opportunity,Ahmedabad,Employee Benefits (EB),Miscellaneous,Miscellaneous,Group Medical,,,,,,,,,,,,,,
Sin GMC,OPP1900001366,Animesh Rawat,9500000.0,200000.0,2019-09-30,Negotiate,Ahmedabad,Employee Benefits (EB),Employee Benefits,Mediclaim,Group Medical,,,,,,,,,,,,,,
FM-Group Mediclaim,OPP1900001390,Mark,4500000.0,300000.0,2019-10-29,Qualify Opportunity,Ahmedabad,Employee Benefits (EB),Employee Benefits,Mediclaim,Group Medical,,,,,,,,,,,,,,
Stem GMC,OPP1900001391,Animesh Rawat,0.0,100000.0,2019-11-15,Qualify Opportunity,Ahmedabad,Employee Benefits (EB),Employee Benefits,Mediclaim,Group Medical,,,,,,,,,,,,,,
DS- Employees GMC,OPP1900001392,Animesh Rawat,6000000.0,300000.0,2019-12-01,Qualify Opportunity,Ahmedabad,Employee Benefits (EB),Employee Benefits,Mediclaim,Group Medical,,,,,,,,,,,,,,
BVGMC,OPP1900001393,Mark,600000.0,100000.0,2019-11-30,Qualify Opportunity,Ahmedabad,Emerging Corporates Group (ECG),Employee Benefits,Mediclaim,Group Medical,,,,,,,,,,,,,,
BV GPA,OPP1900001394,Mark,210000.0,35000.0,2019-11-30,Qualify Opportunity,Ahmedabad,Emerging Corporates Group (ECG),Employee Benefits,Mediclaim,Group Personal Accident,,,,,,,,,,,,,,
GL-CGL,OPP1900001655,Mark,300000.0,49500.0,2019-09-30,Negotiate,Ahmedabad,Liability,Liability,Financial Lines,Commercial General Liability,,,,,,,,,,,,,,
GL-Crime,OPP1900001656,Mark,300000.0,49500.0,2019-09-30,Negotiate,Ahmedabad,Liability,Liability,Financial Lines,Commercial Crime Insurance,,,,,,,,,,,,,,
OP-GMC,OPP1900001803,Mark,5000000.0,250000.0,2019-11-30,Qualify Opportunity,Ahmedabad,Employee Benefits (EB),Employee Benefits,Mediclaim,Group Medical,,,,,,,,,,,,,,
Marine,OPP1900001843,Animesh Rawat,0.0,100000.0,2019-10-31,Negotiate,Ahmedabad,Marine,Marine,Marine Cargo,Marine Combo policy ( EXIM +Inland),,,,,,,,,,,,,,
ITNL - IAR (Operational Roads),OPP1900001906,Shivani Sharma,90000000.0,200000.0,2020-08-31,Qualify Opportunity,Ahmedabad,Property / BI,Fire,Constructions &amp; Infrastructure,Industrial All Risks,,,,,,,,,,,,,,
Maine Open,OPP1900001923,Animesh Rawat,0.0,10000.0,2019-09-30,Propose Solution,Ahmedabad,Marine,Marine,Marine Cargo,Marine Cargo,,,,,,,,,,,,,,
BD PDBI,OPP1900001937,Shivani Sharma,0.0,50000.0,2020-03-31,Qualify Opportunity,Ahmedabad,Property / BI,Fire,Constructions &amp; Infrastructure,Fire &amp; Special Perils,,,,,,,,,,,,,,
CI-CAR/EAR Policy,OPP1900001938,Shivani Sharma,300000.0,30000.0,2020-03-31,Qualify Opportunity,Ahmedabad,"Construction, Power & Infrastructure",Engineering,Engineering,Contractors All Risk,,,,,,,,,,,,,,
Sandesh - PDBI,OPP1900001939,Shivani Sharma,0.0,200000.0,2020-03-31,Qualify Opportunity,Ahmedabad,Property / BI,Fire,Constructions &amp; Infrastructure,Fire &amp; Special Perils,,,,,,,,,,,,,,
VS-PDBI,OPP1900001940,Shivani Sharma,300000.0,50000.0,2020-03-31,Qualify Opportunity,Ahmedabad,Property / BI,Fire,Constructions &amp; Infrastructure,Fire &amp; Special Perils,,,,,,,,,,,,,,
ag - Property Insurance,OPP1900001941,Shivani Sharma,1000000.0,100000.0,2020-07-31,Qualify Opportunity,Ahmedabad,Property / BI,Fire,Constructions &amp; Infrastructure,Fire &amp; Special Perils,,,,,,,,,,,,,,
BE-Mega policy,OPP1900001942,Shivani Sharma,0.0,300000.0,2020-06-30,Qualify Opportunity,Ahmedabad,Property / BI,Fire,Constructions &amp; Infrastructure,Fire &amp; Special Perils,,,,,,,,,,,,,,
BC - PDBI,OPP1900001943,Shivani Sharma,0.0,200000.0,2020-06-30,Qualify Opportunity,Ahmedabad,Property / BI,Fire,Constructions &amp; Infrastructure,Fire &amp; Special Perils,,,,,,,,,,,,,,
CP-PDBI,OPP1900001944,Shivani Sharma,0.0,200000.0,2020-06-30,Qualify Opportunity,Ahmedabad,Property / BI,Fire,Constructions &amp; Infrastructure,Fire &amp; Special Perils,,,,,,,,,,,,,,
DB -Mega Policy,OPP1900001945,Shivani Sharma,0.0,400000.0,2020-06-30,Qualify Opportunity,Ahmedabad,Property / BI,Fire,Constructions &amp; Infrastructure,Fire &amp; Special Perils,,,,,,,,,,,,,,
DB -Terrorism Policy,OPP1900001946,Shivani Sharma,0.0,300000.0,2020-06-30,Qualify Opportunity,Ahmedabad,Crises Mgmt / Terr / Political Risks / K&amp;R,Terrorism,Political Risks,SABOTAGE &amp; TERRORISM &amp; Political Violence,,,,,,,,,,,,,,
KG-CAR,OPP1900001947,Shivani Sharma,500000.0,50000.0,2019-12-31,Qualify Opportunity,Ahmedabad,"Construction, Power & Infrastructure",Engineering,Engineering,Contractors All Risk,,,,,,,,,,,,,,
G R -CAR,OPP1900001950,Shivani Sharma,1000000.0,100000.0,2019-09-30,Qualify Opportunity,Ahmedabad,"Construction, Power & Infrastructure",Engineering,Engineering,Contractors All Risk,,,,,,,,,,,,,,
SI-CAR,OPP1900001975,Mark,500000.0,62000.0,2019-09-30,Qualify Opportunity,Ahmedabad,"Construction, Power & Infrastructure",Engineering,Engineering,Contractors All Risk,,,,,,,,,,,,,,
GRTC-CAR,OPP1900001976,Mark,300000.0,37500.0,2019-09-30,Qualify Opportunity,Ahmedabad,"Construction, Power & Infrastructure",Engineering,Engineering,Contractors All Risk,,,,,,,,,,,,,,
PDBI,OPP1900002004,Animesh Rawat,700000.0,100000.0,2019-12-31,Qualify Opportunity,Ahmedabad,Property / BI,Fire,Constructions &amp; Infrastructure,Fire &amp; Special Perils,,,,,,,,,,,,,,
Infra-CAR,OPP1900002039,Mark,800000.0,50000.0,2019-09-30,Qualify Opportunity,Ahmedabad,"Construction, Power & Infrastructure",Engineering,Engineering,Contractors All Risk,,,,,,,,,,,,,,
Fire,OPP1900002070,Animesh Rawat,0.0,500000.0,2019-10-01,Negotiate,Ahmedabad,Property / BI,Fire,Constructions &amp; Infrastructure,Fire &amp; Special Perils,,,,,,,,,,,,,,
PI(Operational Road),OPP1900002092,Shivani Sharma,1000000.0,100000.0,2019-12-31,Qualify Opportunity,Ahmedabad,Property / BI,Fire,Constructions &amp; Infrastructure,Fire &amp; Special Perils,,,,,,,,,,,,,,
SFSP,OPP1900002098,Animesh Rawat,0.0,50000.0,2019-09-30,Propose Solution,Ahmedabad,Property / BI,Fire,Constructions &amp; Infrastructure,Fire &amp; Special Perils,,,,,,,,,,,,,,
VS.-D & O,OPP1900002104,Shivani Sharma,0.0,50000.0,2020-03-31,Qualify Opportunity,Ahmedabad,Liability,Liability,Financial Lines,Director &amp; Officers / Management  Liability,,,,,,,,,,,,,,
,,,0.0,0.0,,,,,,,,,,,,,,,,,,,,,
,,,0.0,0.0,,,,,,,,,,,,,,,,,,,,,
,,,0.0,0.0,,,,,,,,,,,,,,,,,,,,,
,,,0.0,0.0,,,,,,,,,,,,,,,,,,,,,
,,,0.0,0.0,,,,,,,,,,,,,,,,,,,,,
,,,0.0,0.0,,,,,,,,,,,,,,,,,,,,,
,,,0.0,0.0,,,,,,,,,,,,,,,,,,,,,
,,,0.0,0.0,,,,,,,,,,,,,,,,,,,,,
,,,0.0,0.0,,,,,,,,,,,,,,,,,,,,,
,,,0.0,0.0,,,,,,,,,,,,,,,,,,,,,
,,,0.0,0.0,,,,,,,,,,,,,,,,,,,,,
,,,0.0,0.0,,,,,,,,,,,,,,,,,,,,,
,,,0.0,0.0,,,,,,,,,,,,,,,,,,,,,
,,,0.0,0.0,,,,,,,,,,,,,,,,,,,,,
,,,0.0,0.0,,,,,,,,,,,,,,,,,,,,,
,,,0.0,0.0,,,,,,,,,,,,,,,,,,,,,
,,,0.0,0.0,,,,,,,,,,,,,,,,,,,,,
,,,0.0,0.0,,,,,,,,,,,,,,,,,,,,,
,,,0.0,0.0,,,,,,,,,,,,,,,,,,,,,
,,,0.0,0.0,,,,,,,,,,,,,,,,,,,,,
,,,0.0,0.0,,,,,,,,,,,,,,,,,,,,,
,,,0.0,0.0,,,,,,,,,,,,,,,,,,,,,
,,,0.0,0.0,,,,,,,,,,,,,,,,,,,,,
,,,0.0,0.0,,,,,,,,,,,,,,,,,,,,,
,,,0.0,0.0,,,,,,,,,,,,,,,,,,,,,
,,,0.0,0.0,,,,,,,,,,,,,,,,,,,,,
,,,0.0,0.0,,,,,,,,,,,,,,,,,,,,,
,,,0.0,0.0,,,,,,,,,,,,,,,,,,,,,
,,,0.0,0.0,,,,,,,,,,,,,,,,,,,,,
,,,0.0,0.0,,,,,,,,,,,,,,,,,,,,,
,,,0.0,0.0,,,,,,,,,,,,,,,,,,,,,
,,,0.0,0.0,,,,,,,,,,,,,,,,,,,,,
,,,0.0,0.0,,,,,,,,,,,,,,,,,,,,,
,,,0.0,0.0,,,,,,,,,,,,,,,,,,,,,
,,,0.0,0.0,,,,,,,,,,,,,,,,,,,,,
,,,0.0,0.0,,,,,,,,,,,,,,,,,,,,,
,,,0.0,0.0,,,,,,,,,,,,,,,,,,,,,
,,,0.0,0.0,,,,,,,,,,,,,,,,,,,,,
,,,0.0,0.0,,,,,,,,,,,,,,,,,,,,,
,,,0.0,0.0,,,,,,,,,,,,,,,,,,,,,
,,,0.0,0.0,,,,,,,,,,,,,,,,,,,,,
,,,0.0,0.0,,,,,,,,,,,,,,,,,,,,,
,,,0.0,0.0,,,,,,,,,,,,,,,,,,,,,
,,,0.0,0.0,,,,,,,,,,,,,,,,,,,,,
,,,0.0,0.0,,,,,,,,,,,,,,,,,,,,,
,,,0.0,0.0,,,,,,,,,,,,,,,,,,,,,
,,,0.0,0.0,,,,,,,,,,,,,,,,,,,,,
,,,0.0,0.0,,,,,,,,,,,,,,,,,,,,,
,,,0.0,0.0,,,,,,,,,,,,,,,,,,,,,
,,,0.0,0.0,,,,,,,,,,,,,,,,,,,,,
,,,0.0,0.0,,,,,,,,,,,,,,,,,,,,,
,,,0.0,0.0,,,,,,,,,,,,,,,,,,,,,
,,,0.0,0.0,,,,,,,,,,,,,,,,,,,,,
,,,0.0,0.0,,,,,,,,,,,,,,,,,,,,,
,,,0.0,0.0,,,,,,,,,,,,,,,,,,,,,
,,,0.0,0.0,,,,,,,,,,,,,,,,,,,,,
,,,0.0,0.0,,,,,,,,,,,,,,,,,,,,,
,,,0.0,0.0,,,,,,,,,,,,,,,,,,,,,
,,,0.0,0.0,,,,,,,,,,,,,,,,,,,,,
,,,0.0,0.0,,,,,,,,,,,,,,,,,,,,,
,,,0.0,0.0,,,,,,,,,,,,,,,,,,,,,
,,,0.0,0.0,,,,,,,,,,,,,,,,,,,,Row Labels,Sum of revenue_amount
,,,0.0,0.0,,,,,,,,,,,,,,,,,,,,BE-Mega policy,300000
,,,0.0,0.0,,,,,,,,,,,,,,,,,,,,CVP GMC,350000
,,,0.0,0.0,,,,,,,,,,,,,,,,,,,,DB -Mega Policy,400000
,,,0.0,0.0,,,,,,,,,,,,,,,,,,,,DB -Terrorism Policy,300000
,,,0.0,0.0,,,,,,,,,,,,,,,,,,,,DS- Employees GMC,300000
,,,0.0,0.0,,,,,,,,,,,,,,,,,,,,EL-Group Mediclaim,400000
,,,0.0,0.0,,,,,,,,,,,,,,,,,,,,Fire,500000
,,,0.0,0.0,,,,,,,,,,,,,,,,,,,,FM-Group Mediclaim,300000
,,,0.0,0.0,,,,,,,,,,,,,,,,,,,,Grand Total,2850000
