Branch,Employee Name,New Role2,New Budget,Cross sell bugdet,Renewal Budget,,,,,,,,
Ahmedabad,Anil Tailor,Hunter & Farmer,0,250000,1500000,,,,,,,,
Ahmedabad,Ankita Shah,Servicer,0,0,0,,,,,,,,
Ahmedabad,Divya Dhingra,Servicer,0,0,0,,,,,,,,
Ahmedabad,Neel Jain,BH,1000000,500000,1010000,,,,,,,,
Ahmedabad,Nishant Sharma,Hunter & Farmer,1250000,3500000,750000,,,,,,,,
Ahmedabad,Ritesh Sharma,Servicer Claims,0,0,0,,,,,,,,
Ahmedabad,Shloka Shelat,Hunter & Farmer,500000,1250000,500000,,,,,,,,
Ahmedabad,Shobhit Agarwal,Hunter & Farmer,1350000,750000,750000,,,,,,,,
Ahmedabad,Vaibhav K Thaker,Servicer,0,0,0,,,,,,,,
Ahmedabad,Vidit Shah,Farmer & Servicer,0,1040000,5010000,,,,,,,,
,,,,,,,,,,,,,
,,,,,,,,,,,,,
,,,,,,,,,,,,,
,,,,,,,,,,,,,
,,,,,,,,,,,,,
,,,,,,,,,,,,,
,,,,,,,,,,,,,
,,,,,,,,,,,,,
,,,,,,,,,,,,,
,,,,,,,,,,,,,
,,,,,,,,,,,,,
,,,,,,,,,,,,,
,,,,,,,,,,,,,
,,,,,,,,,,,,,
,,,,,,,,,,,,,
,,,,,,,,,,,,,
,,,,,,,,,,,,,
,,,,,,,,,,,,,
,,,,,,,,,,,,,
,,,,,,,,,,,,,
,,,,,,,,,,,,,
,,,,,,,,,,,,,
,,,,,,,,,,,,,
,,,,,,,,,,,,,
,,,,,,,,,,,,,
,,,,,,,,,,,,,
,,,,,,,,,,,,,
,,,,,,,,,,,,,
,,,,,,,,,,,,,
,,,,,,,,,,,,,
,,,,,,,,,,,,,
,,,,,,,,,,,,,
,,,,,,,,,,,,,
,,,,,,,,,,,,,
